-- phpMyAdmin SQL Dump
-- version 4.8.5
-- https://www.phpmyadmin.net/
--
-- Host: 127.0.0.1
-- Generation Time: Mar 16, 2023 at 09:24 AM
-- Server version: 10.1.38-MariaDB
-- PHP Version: 5.6.40

SET SQL_MODE = "NO_AUTO_VALUE_ON_ZERO";
SET AUTOCOMMIT = 0;
START TRANSACTION;
SET time_zone = "+00:00";


/*!40101 SET @OLD_CHARACTER_SET_CLIENT=@@CHARACTER_SET_CLIENT */;
/*!40101 SET @OLD_CHARACTER_SET_RESULTS=@@CHARACTER_SET_RESULTS */;
/*!40101 SET @OLD_COLLATION_CONNECTION=@@COLLATION_CONNECTION */;
/*!40101 SET NAMES utf8mb4 */;

--
-- Database: `MoviesDb`
--

-- --------------------------------------------------------

--
-- Table structure for table `BookedSeats`
--

CREATE TABLE `BookedSeats` (
  `Id` int(11) NOT NULL,
  `BookingId` int(11) NOT NULL,
  `Seats` varchar(2) NOT NULL
) ENGINE=InnoDB DEFAULT CHARSET=latin1;

--
-- Dumping data for table `BookedSeats`
--

INSERT INTO `BookedSeats` (`Id`, `BookingId`, `Seats`) VALUES
(87, 40, 'A1'),
(88, 40, 'A2'),
(89, 41, 'A3'),
(90, 41, 'A4'),
(91, 42, 'A3'),
(92, 42, 'A4'),
(93, 43, 'A3'),
(94, 44, 'A3'),
(95, 45, 'A3'),
(96, 47, 'A3'),
(97, 48, 'A1'),
(98, 48, 'A2'),
(99, 49, 'A1'),
(100, 49, 'A2'),
(101, 50, 'A1'),
(102, 50, 'A2'),
(103, 51, 'A1'),
(104, 51, 'A2'),
(105, 52, 'A1'),
(106, 52, 'A2'),
(107, 53, 'A1'),
(108, 53, 'A2'),
(109, 54, 'A1'),
(110, 54, 'A2'),
(111, 54, 'A3'),
(112, 56, 'A3'),
(113, 57, 'A3'),
(114, 58, 'A3'),
(115, 59, 'A3'),
(116, 59, 'A4'),
(117, 59, 'A5'),
(118, 60, 'A3'),
(119, 60, 'A4'),
(120, 60, 'A5'),
(121, 60, 'A6'),
(122, 61, 'A3'),
(123, 61, 'A4'),
(124, 61, 'A5'),
(125, 61, 'A6'),
(126, 62, 'A3'),
(127, 62, 'A4'),
(128, 62, 'A5'),
(129, 62, 'A6'),
(130, 62, 'B3'),
(131, 63, 'C4'),
(132, 64, 'E4'),
(133, 64, 'A3'),
(134, 64, 'A4'),
(135, 64, 'A5'),
(136, 64, 'A6'),
(137, 64, 'B3'),
(138, 65, 'A3'),
(139, 65, 'A4'),
(140, 65, 'A5'),
(141, 65, 'A6'),
(142, 65, 'B3'),
(143, 65, 'E4'),
(144, 65, 'C4'),
(145, 66, 'A3'),
(146, 66, 'A4'),
(147, 66, 'A5'),
(148, 66, 'A6'),
(149, 66, 'B3'),
(150, 66, 'E4'),
(151, 66, 'C4'),
(152, 66, 'C6'),
(153, 66, 'C5'),
(154, 67, 'C4'),
(155, 68, 'C4'),
(156, 68, 'A1'),
(157, 68, 'A2'),
(158, 69, 'A1'),
(159, 70, 'C4'),
(160, 70, 'A1'),
(161, 70, 'A2'),
(162, 70, 'A3'),
(163, 71, 'D4'),
(164, 72, 'A1'),
(165, 72, 'A2'),
(166, 73, 'A1'),
(167, 73, 'A2'),
(168, 74, 'A1'),
(169, 74, 'A2'),
(170, 75, 'C4'),
(171, 75, 'A3'),
(172, 76, 'A1'),
(173, 76, 'A2'),
(174, 76, 'A3'),
(175, 77, 'A1'),
(176, 77, 'A2'),
(177, 77, 'A3'),
(178, 77, 'A4'),
(179, 78, 'A1'),
(180, 78, 'A2'),
(181, 78, 'A3'),
(182, 78, 'A4'),
(183, 79, 'A1'),
(184, 79, 'A2'),
(185, 79, 'A3'),
(186, 79, 'A4'),
(187, 79, 'A5'),
(188, 80, 'A3'),
(189, 80, 'A4'),
(190, 80, 'A5'),
(191, 80, 'A6'),
(192, 80, 'B3'),
(193, 80, 'E4'),
(194, 80, 'C4'),
(195, 80, 'C6'),
(196, 80, 'C5'),
(197, 80, 'A1'),
(198, 81, 'A3'),
(199, 81, 'A4'),
(200, 81, 'A5'),
(201, 81, 'A6'),
(202, 81, 'B3'),
(203, 81, 'E4'),
(204, 81, 'C4'),
(205, 81, 'C6'),
(206, 81, 'C5'),
(207, 81, 'A1'),
(208, 81, 'A2'),
(209, 82, 'A3'),
(210, 82, 'A4'),
(211, 82, 'A5'),
(212, 82, 'A6'),
(213, 82, 'B3'),
(214, 82, 'E4'),
(215, 82, 'C4'),
(216, 82, 'C6'),
(217, 82, 'C5'),
(218, 82, 'A1'),
(219, 82, 'A2'),
(220, 82, 'B1'),
(221, 83, 'A3'),
(222, 83, 'A4'),
(223, 83, 'A5'),
(224, 83, 'A6'),
(225, 83, 'B3'),
(226, 83, 'E4'),
(227, 83, 'C4'),
(228, 83, 'C6'),
(229, 83, 'C5'),
(230, 83, 'A1'),
(231, 83, 'A2'),
(232, 83, 'B1'),
(233, 83, 'B2'),
(234, 84, 'A3'),
(235, 84, 'A4'),
(236, 84, 'A5'),
(237, 84, 'A6'),
(238, 84, 'B3'),
(239, 84, 'E4'),
(240, 84, 'C4'),
(241, 84, 'C6'),
(242, 84, 'C5'),
(243, 84, 'A1'),
(244, 84, 'A2'),
(245, 84, 'B1'),
(246, 84, 'B2'),
(247, 84, 'B4'),
(248, 85, 'A3'),
(249, 85, 'A4'),
(250, 85, 'A5'),
(251, 85, 'A6'),
(252, 85, 'B3'),
(253, 85, 'E4'),
(254, 85, 'C4'),
(255, 85, 'C6'),
(256, 85, 'C5'),
(257, 85, 'A1'),
(258, 85, 'A2'),
(259, 85, 'B1'),
(260, 85, 'B2'),
(261, 85, 'B4'),
(262, 85, 'B5'),
(263, 86, 'A3'),
(264, 86, 'A4'),
(265, 86, 'A5'),
(266, 86, 'A6'),
(267, 86, 'B3'),
(268, 86, 'E4'),
(269, 86, 'C4'),
(270, 86, 'C6'),
(271, 86, 'C5'),
(272, 86, 'A1'),
(273, 86, 'A2'),
(274, 86, 'B1'),
(275, 86, 'B2'),
(276, 86, 'B4'),
(277, 86, 'B5'),
(278, 86, 'B6'),
(279, 87, 'A3'),
(280, 87, 'A4'),
(281, 87, 'A5'),
(282, 87, 'A6'),
(283, 87, 'B3'),
(284, 87, 'E4'),
(285, 87, 'C4'),
(286, 87, 'C6'),
(287, 87, 'C5'),
(288, 87, 'A1'),
(289, 87, 'A2'),
(290, 87, 'B1'),
(291, 87, 'B2'),
(292, 87, 'B4'),
(293, 87, 'B5'),
(294, 87, 'B6'),
(295, 87, 'C1'),
(296, 88, 'A3'),
(297, 88, 'A4'),
(298, 88, 'A5'),
(299, 88, 'A6'),
(300, 88, 'B3'),
(301, 88, 'E4'),
(302, 88, 'C4'),
(303, 88, 'C6'),
(304, 88, 'C5'),
(305, 88, 'A1'),
(306, 88, 'A2'),
(307, 88, 'B1'),
(308, 88, 'B2'),
(309, 88, 'B4'),
(310, 88, 'B5'),
(311, 88, 'B6'),
(312, 88, 'C1'),
(313, 88, 'C2'),
(314, 89, 'A3'),
(315, 89, 'A4'),
(316, 89, 'A5'),
(317, 89, 'A6'),
(318, 89, 'B3'),
(319, 89, 'E4'),
(320, 89, 'C4'),
(321, 89, 'C6'),
(322, 89, 'C5'),
(323, 89, 'A1'),
(324, 89, 'A2'),
(325, 89, 'B1'),
(326, 89, 'B2'),
(327, 89, 'B4'),
(328, 89, 'B5'),
(329, 89, 'B6'),
(330, 89, 'C1'),
(331, 89, 'C2'),
(332, 89, 'C3'),
(333, 90, 'A3'),
(334, 90, 'A4'),
(335, 90, 'A5'),
(336, 90, 'A6'),
(337, 90, 'B3'),
(338, 90, 'E4'),
(339, 90, 'C4'),
(340, 90, 'C6'),
(341, 90, 'C5'),
(342, 90, 'A1'),
(343, 90, 'A2'),
(344, 90, 'B1'),
(345, 90, 'B2'),
(346, 90, 'B4'),
(347, 90, 'B5'),
(348, 90, 'B6'),
(349, 90, 'C1'),
(350, 90, 'C2'),
(351, 90, 'C3'),
(352, 90, 'D1'),
(353, 91, 'A3'),
(354, 91, 'A4'),
(355, 91, 'A5'),
(356, 91, 'A6'),
(357, 91, 'B3'),
(358, 91, 'E4'),
(359, 91, 'C4'),
(360, 91, 'C6'),
(361, 91, 'C5'),
(362, 91, 'A1'),
(363, 91, 'A2'),
(364, 91, 'B1'),
(365, 91, 'B2'),
(366, 91, 'B4'),
(367, 91, 'B5'),
(368, 91, 'B6'),
(369, 91, 'C1'),
(370, 91, 'C2'),
(371, 91, 'C3'),
(372, 91, 'D1'),
(373, 91, 'D2'),
(374, 92, 'A3'),
(375, 92, 'A4'),
(376, 92, 'A5'),
(377, 92, 'A6'),
(378, 92, 'B3'),
(379, 92, 'E4'),
(380, 92, 'C4'),
(381, 92, 'C6'),
(382, 92, 'C5'),
(383, 92, 'A1'),
(384, 92, 'A2'),
(385, 92, 'B1'),
(386, 92, 'B2'),
(387, 92, 'B4'),
(388, 92, 'B5'),
(389, 92, 'B6'),
(390, 92, 'C1'),
(391, 92, 'C2'),
(392, 92, 'C3'),
(393, 92, 'D1'),
(394, 92, 'D2'),
(395, 92, 'D3'),
(396, 93, 'A3'),
(397, 93, 'A4'),
(398, 93, 'A5'),
(399, 93, 'A6'),
(400, 93, 'B3'),
(401, 93, 'E4'),
(402, 93, 'C4'),
(403, 93, 'C6'),
(404, 93, 'C5'),
(405, 93, 'A1'),
(406, 93, 'A2'),
(407, 93, 'B1'),
(408, 93, 'B2'),
(409, 93, 'B4'),
(410, 93, 'B5'),
(411, 93, 'B6'),
(412, 93, 'C1'),
(413, 93, 'C2'),
(414, 93, 'C3'),
(415, 93, 'D1'),
(416, 93, 'D2'),
(417, 93, 'D3'),
(418, 93, 'D4'),
(419, 94, 'A3'),
(420, 94, 'A4'),
(421, 94, 'A5'),
(422, 94, 'A6'),
(423, 94, 'B3'),
(424, 94, 'E4'),
(425, 94, 'C4'),
(426, 94, 'C6'),
(427, 94, 'C5'),
(428, 94, 'A1'),
(429, 94, 'A2'),
(430, 94, 'B1'),
(431, 94, 'B2'),
(432, 94, 'B4'),
(433, 94, 'B5'),
(434, 94, 'B6'),
(435, 94, 'C1'),
(436, 94, 'C2'),
(437, 94, 'C3'),
(438, 94, 'D1'),
(439, 94, 'D2'),
(440, 94, 'D3'),
(441, 94, 'D4'),
(442, 94, 'D5'),
(443, 95, 'A3'),
(444, 95, 'A4'),
(445, 95, 'A5'),
(446, 95, 'A6'),
(447, 95, 'B3'),
(448, 95, 'E4'),
(449, 95, 'C4'),
(450, 95, 'C6'),
(451, 95, 'C5'),
(452, 95, 'A1'),
(453, 95, 'A2'),
(454, 95, 'B1'),
(455, 95, 'B2'),
(456, 95, 'B4'),
(457, 95, 'B5'),
(458, 95, 'B6'),
(459, 95, 'C1'),
(460, 95, 'C2'),
(461, 95, 'C3'),
(462, 95, 'D1'),
(463, 95, 'D2'),
(464, 95, 'D3'),
(465, 95, 'D4'),
(466, 95, 'D5'),
(467, 95, 'E5'),
(468, 96, 'A1'),
(469, 96, 'A2'),
(470, 96, 'A3'),
(471, 96, 'A4'),
(472, 96, 'A5'),
(473, 96, 'A6'),
(474, 96, 'B1'),
(475, 96, 'B2'),
(476, 97, 'A1'),
(477, 97, 'A2'),
(478, 97, 'A3'),
(479, 97, 'A4'),
(480, 97, 'A5'),
(481, 97, 'A6'),
(482, 97, 'B1'),
(483, 97, 'B2'),
(484, 97, 'B3'),
(485, 97, 'B4'),
(486, 98, 'B1'),
(487, 98, 'B2'),
(488, 99, 'B1'),
(489, 99, 'B2'),
(490, 99, 'A2'),
(491, 100, 'C4'),
(492, 100, 'A1'),
(493, 100, 'A2'),
(494, 100, 'A3'),
(495, 100, 'C5'),
(496, 101, 'C4'),
(497, 101, 'A1'),
(498, 101, 'A2'),
(499, 101, 'A3'),
(500, 101, 'C5'),
(501, 101, 'D3'),
(502, 102, 'C4'),
(503, 102, 'A1'),
(504, 102, 'A2'),
(505, 102, 'A3'),
(506, 102, 'C5'),
(507, 102, 'D3'),
(508, 102, 'E1'),
(509, 103, 'A1'),
(510, 103, 'A2'),
(511, 104, 'A1'),
(512, 104, 'A2'),
(513, 104, 'A3'),
(514, 105, 'A1'),
(515, 106, 'A2'),
(516, 108, 'A1'),
(517, 109, 'E1'),
(518, 110, 'A1'),
(519, 110, 'A2'),
(520, 111, 'B1'),
(521, 111, 'B2'),
(522, 112, 'A1'),
(523, 112, 'A2'),
(524, 113, 'B1'),
(525, 114, 'A1'),
(526, 115, 'A4'),
(527, 116, 'A5'),
(528, 118, 'A4'),
(529, 118, 'A5'),
(530, 119, 'D1'),
(531, 120, 'B2'),
(532, 121, 'A1'),
(533, 122, 'A6'),
(534, 123, 'B3'),
(535, 124, 'B4'),
(536, 125, 'B5'),
(537, 126, 'B6'),
(538, 127, 'C1'),
(539, 128, 'C2'),
(540, 129, 'C3'),
(541, 130, 'C4'),
(542, 131, 'C5'),
(543, 132, 'C6'),
(544, 133, 'D1'),
(545, 134, 'D2'),
(546, 135, 'D3'),
(547, 136, 'A3'),
(548, 137, 'A4'),
(549, 138, 'A5'),
(550, 139, 'A6'),
(551, 140, 'D4'),
(552, 141, 'D5'),
(553, 141, 'D6'),
(554, 142, 'E1'),
(555, 143, 'A1'),
(556, 143, 'A2'),
(557, 144, 'A1'),
(558, 144, 'A2');

-- --------------------------------------------------------

--
-- Table structure for table `Bookings`
--

CREATE TABLE `Bookings` (
  `Id` int(11) NOT NULL,
  `IsPaid` int(1) NOT NULL DEFAULT '0',
  `UserId` int(11) NOT NULL,
  `MovieId` int(11) NOT NULL,
  `BookingDateTime` datetime NOT NULL,
  `ShowDate` date NOT NULL,
  `ShowTime` varchar(10) NOT NULL,
  `TotalPrice` bigint(20) NOT NULL
) ENGINE=InnoDB DEFAULT CHARSET=latin1;

--
-- Dumping data for table `Bookings`
--

INSERT INTO `Bookings` (`Id`, `IsPaid`, `UserId`, `MovieId`, `BookingDateTime`, `ShowDate`, `ShowTime`, `TotalPrice`) VALUES
(40, 0, 2, 8, '2023-03-10 00:00:00', '2023-03-10', '9:00 AM', 400),
(41, 0, 2, 8, '2023-03-10 00:00:00', '2023-03-11', '9:00 AM', 400),
(42, 0, 2, 8, '2023-03-11 00:00:00', '2023-03-11', '9:00 AM', 400),
(43, 0, 2, 8, '2023-03-11 00:00:00', '2023-03-12', '9:00 AM', 200),
(44, 0, 2, 8, '2023-03-11 00:00:00', '2023-03-12', '9:00 AM', 200),
(45, 0, 2, 8, '2023-03-11 00:00:00', '2023-03-13', '9:00 AM', 200),
(46, 0, 2, 8, '2023-03-11 00:00:00', '2023-03-11', '3:00 PM', 0),
(47, 0, 2, 8, '2023-03-12 00:00:00', '2023-03-13', '9:00 AM', 200),
(48, 0, 2, 9, '2023-03-12 00:00:00', '2023-03-12', '12:00 PM', 400),
(49, 0, 2, 9, '2023-03-12 00:00:00', '2023-03-12', '12:00 PM', 400),
(50, 0, 2, 9, '2023-03-12 00:00:00', '2023-03-12', '12:00 PM', 400),
(51, 0, 2, 9, '2023-03-12 00:00:00', '2023-03-12', '12:00 PM', 400),
(52, 0, 2, 9, '2023-03-12 00:00:00', '2023-03-12', '12:00 PM', 400),
(53, 0, 2, 9, '2023-03-12 00:00:00', '2023-03-12', '12:00 PM', 400),
(54, 0, 2, 9, '2023-03-12 00:00:00', '2023-03-12', '12:00 PM', 600),
(55, 0, 2, 8, '2023-03-13 00:00:00', '2023-03-15', '3:00 PM', 0),
(56, 0, 2, 8, '2023-03-13 00:00:00', '2023-03-13', '9:00 AM', 250),
(57, 0, 2, 8, '2023-03-13 00:00:00', '2023-03-13', '9:00 AM', 250),
(58, 0, 2, 8, '2023-03-13 00:00:00', '2023-03-14', '9:00 AM', 250),
(59, 0, 2, 8, '2023-03-13 00:00:00', '2023-03-14', '9:00 AM', 750),
(60, 0, 2, 8, '2023-03-13 00:00:00', '2023-03-14', '9:00 AM', 1000),
(61, 0, 2, 8, '2023-03-13 00:00:00', '2023-03-14', '9:00 AM', 1000),
(62, 0, 2, 8, '2023-03-13 00:00:00', '2023-03-14', '9:00 AM', 1250),
(63, 0, 2, 8, '2023-03-13 00:00:00', '2023-03-15', '9:00 AM', 250),
(64, 0, 2, 8, '2023-03-13 00:00:00', '2023-03-14', '9:00 AM', 1500),
(65, 0, 2, 8, '2023-03-13 00:00:00', '2023-03-14', '9:00 AM', 1750),
(66, 0, 2, 8, '2023-03-13 00:00:00', '2023-03-14', '9:00 AM', 2250),
(67, 0, 2, 8, '2023-03-13 00:00:00', '2023-03-15', '3:00 PM', 250),
(68, 0, 2, 8, '2023-03-14 00:00:00', '2023-03-15', '9:00 AM', 750),
(69, 0, 2, 8, '2023-03-14 00:00:00', '2023-03-16', '9:00 AM', 250),
(70, 0, 2, 8, '2023-03-14 00:00:00', '2023-03-15', '9:00 AM', 1000),
(71, 0, 2, 8, '2023-03-14 00:00:00', '2023-03-16', '3:00 PM', 250),
(72, 0, 2, 8, '2023-03-14 00:00:00', '2023-03-14', '3:00 PM', 500),
(73, 0, 2, 8, '2023-03-14 00:00:00', '2023-03-14', '3:00 PM', 500),
(74, 0, 2, 8, '2023-03-14 00:00:00', '2023-03-14', '3:00 PM', 500),
(75, 0, 2, 8, '2023-03-14 00:00:00', '2023-03-15', '3:00 PM', 500),
(76, 0, 2, 8, '2023-03-14 00:00:00', '2023-03-14', '3:00 PM', 750),
(77, 0, 2, 8, '2023-03-14 00:00:00', '2023-03-14', '3:00 PM', 1000),
(78, 0, 2, 8, '2023-03-14 00:00:00', '2023-03-14', '3:00 PM', 1000),
(79, 0, 2, 8, '2023-03-14 00:00:00', '2023-03-14', '3:00 PM', 1250),
(80, 0, 2, 8, '2023-03-14 00:00:00', '2023-03-14', '9:00 AM', 2500),
(81, 0, 2, 8, '2023-03-14 00:00:00', '2023-03-14', '9:00 AM', 2750),
(82, 0, 2, 8, '2023-03-14 00:00:00', '2023-03-14', '9:00 AM', 3000),
(83, 0, 2, 8, '2023-03-14 00:00:00', '2023-03-14', '9:00 AM', 3250),
(84, 0, 2, 8, '2023-03-14 00:00:00', '2023-03-14', '9:00 AM', 3500),
(85, 0, 2, 8, '2023-03-14 00:00:00', '2023-03-14', '9:00 AM', 3750),
(86, 0, 2, 8, '2023-03-14 00:00:00', '2023-03-14', '9:00 AM', 4000),
(87, 0, 2, 8, '2023-03-14 00:00:00', '2023-03-14', '9:00 AM', 4250),
(88, 0, 2, 8, '2023-03-14 00:00:00', '2023-03-14', '9:00 AM', 4500),
(89, 0, 2, 8, '2023-03-14 00:00:00', '2023-03-14', '9:00 AM', 4750),
(90, 0, 2, 8, '2023-03-14 00:00:00', '2023-03-14', '9:00 AM', 5000),
(91, 0, 2, 8, '2023-03-14 00:00:00', '2023-03-14', '9:00 AM', 5250),
(92, 0, 2, 8, '2023-03-14 00:00:00', '2023-03-14', '9:00 AM', 5500),
(93, 0, 2, 8, '2023-03-14 00:00:00', '2023-03-14', '9:00 AM', 5750),
(94, 0, 2, 8, '2023-03-14 00:00:00', '2023-03-14', '9:00 AM', 6000),
(95, 0, 2, 8, '2023-03-14 00:00:00', '2023-03-14', '9:00 AM', 6250),
(96, 0, 2, 8, '2023-03-14 00:00:00', '2023-03-14', '3:00 PM', 2000),
(97, 0, 2, 8, '2023-03-14 00:00:00', '2023-03-14', '3:00 PM', 2500),
(98, 0, 2, 9, '2023-03-14 00:00:00', '2023-03-14', '12:00 PM', 400),
(99, 0, 2, 9, '2023-03-14 00:00:00', '2023-03-14', '12:00 PM', 600),
(100, 0, 2, 8, '2023-03-14 00:00:00', '2023-03-15', '9:00 AM', 1250),
(101, 0, 2, 8, '2023-03-14 00:00:00', '2023-03-15', '9:00 AM', 1500),
(102, 0, 2, 8, '2023-03-14 00:00:00', '2023-03-15', '9:00 AM', 1750),
(103, 0, 2, 8, '2023-03-14 00:00:00', '2023-03-16', '9:00 AM', 500),
(104, 0, 2, 8, '2023-03-14 00:00:00', '2023-03-16', '9:00 AM', 750),
(105, 0, 2, 8, '2023-03-14 00:00:00', '2023-03-17', '9:00 AM', 250),
(106, 0, 2, 8, '2023-03-14 00:00:00', '2023-03-17', '9:00 AM', 250),
(107, 0, 2, 8, '2023-03-14 00:00:00', '2023-03-14', '9:00 AM', 0),
(108, 0, 2, 9, '2023-03-14 00:00:00', '2023-03-14', '12:00 PM', 200),
(109, 0, 2, 8, '2023-03-14 00:00:00', '2023-03-14', '9:00 AM', 250),
(110, 0, 2, 9, '2023-03-14 00:00:00', '2023-03-14', '6:00 PM', 400),
(111, 0, 2, 8, '2023-03-15 00:00:00', '2023-03-15', '9:00 AM', 500),
(112, 0, 2, 8, '2023-03-15 00:00:00', '2023-03-15', '3:00 PM', 500),
(113, 0, 4, 8, '2023-03-15 00:00:00', '2023-03-16', '9:00 AM', 250),
(114, 0, 4, 9, '2023-03-15 00:00:00', '2023-03-15', '12:00 PM', 200),
(115, 0, 4, 8, '2023-03-15 00:00:00', '2023-03-16', '9:00 AM', 250),
(116, 0, 4, 8, '2023-03-15 00:00:00', '2023-03-16', '9:00 AM', 250),
(117, 0, 4, 8, '2023-03-15 00:00:00', '2023-03-16', '9:00 AM', 0),
(118, 0, 4, 8, '2023-03-15 00:00:00', '2023-03-15', '9:00 AM', 500),
(119, 0, 2, 8, '2023-03-15 00:00:00', '2023-03-15', '9:00 AM', 250),
(120, 0, 2, 8, '2023-03-16 00:00:00', '2023-03-16', '9:00 AM', 250),
(121, 0, 2, 9, '2023-03-16 00:00:00', '2023-03-18', '6:00 PM', 200),
(122, 0, 2, 8, '2023-03-16 00:00:00', '2023-03-16', '9:00 AM', 250),
(123, 0, 2, 8, '2023-03-16 00:00:00', '2023-03-16', '9:00 AM', 250),
(124, 0, 2, 8, '2023-03-16 00:00:00', '2023-03-16', '9:00 AM', 250),
(125, 0, 2, 8, '2023-03-16 00:00:00', '2023-03-16', '9:00 AM', 250),
(126, 0, 2, 8, '2023-03-16 00:00:00', '2023-03-16', '9:00 AM', 250),
(127, 0, 2, 8, '2023-03-16 00:00:00', '2023-03-16', '9:00 AM', 250),
(128, 0, 2, 8, '2023-03-16 00:00:00', '2023-03-16', '9:00 AM', 250),
(129, 0, 2, 8, '2023-03-16 00:00:00', '2023-03-16', '9:00 AM', 250),
(130, 0, 2, 8, '2023-03-16 00:00:00', '2023-03-16', '9:00 AM', 250),
(131, 0, 2, 8, '2023-03-16 00:00:00', '2023-03-16', '9:00 AM', 250),
(132, 0, 2, 8, '2023-03-16 00:00:00', '2023-03-16', '9:00 AM', 250),
(133, 0, 2, 8, '2023-03-16 00:00:00', '2023-03-16', '9:00 AM', 250),
(134, 0, 2, 8, '2023-03-16 00:00:00', '2023-03-16', '9:00 AM', 250),
(135, 0, 2, 8, '2023-03-16 00:00:00', '2023-03-16', '9:00 AM', 250),
(136, 0, 2, 8, '2023-03-16 00:00:00', '2023-03-17', '9:00 AM', 250),
(137, 0, 2, 8, '2023-03-16 00:00:00', '2023-03-17', '9:00 AM', 250),
(138, 0, 2, 8, '2023-03-16 00:00:00', '2023-03-17', '9:00 AM', 250),
(139, 0, 2, 8, '2023-03-16 00:00:00', '2023-03-17', '9:00 AM', 250),
(140, 0, 2, 8, '2023-03-16 00:00:00', '2023-03-16', '9:00 AM', 250),
(141, 0, 2, 8, '2023-03-16 00:00:00', '2023-03-16', '9:00 AM', 500),
(142, 0, 2, 8, '2023-03-16 00:00:00', '2023-03-16', '9:00 AM', 250),
(143, 0, 2, 9, '2023-03-16 00:00:00', '2023-03-16', '12:00 PM', 400),
(144, 0, 2, 8, '2023-03-16 00:00:00', '2023-03-16', '3:00 PM', 500);

-- --------------------------------------------------------

--
-- Table structure for table `Movies`
--

CREATE TABLE `Movies` (
  `Id` int(11) NOT NULL,
  `Name` varchar(100) NOT NULL,
  `Description` varchar(500) NOT NULL,
  `ReleaseDate` date NOT NULL,
  `Language` varchar(100) NOT NULL,
  `TicketPrice` int(11) NOT NULL,
  `ImageName` varchar(255) NOT NULL,
  `FirstShowTime` varchar(100) NOT NULL,
  `SecondShowTime` varchar(100) NOT NULL
) ENGINE=InnoDB DEFAULT CHARSET=latin1;

--
-- Dumping data for table `Movies`
--

INSERT INTO `Movies` (`Id`, `Name`, `Description`, `ReleaseDate`, `Language`, `TicketPrice`, `ImageName`, `FirstShowTime`, `SecondShowTime`) VALUES
(8, 'Bahubali', 'In the kingdom of Mahishmati, Shivudu falls in love with a young warrior woman. While trying to woo her, he learns about the conflict-ridden past of his family and his true legacy.', '2023-03-04', 'Hindi', 250, 'Baahubali.jpg', '9:00 AM', '3:00 PM'),
(9, 'RRR', 'A fearless revolutionary and an officer in the British force, who once shared a deep bond, decide to join forces and chart out an inspirational path of freedom against the despotic rulers.', '2022-03-24', 'Hindi', 200, 'RRR.jpg', '12:00 PM', '6:00 PM');

-- --------------------------------------------------------

--
-- Table structure for table `Users`
--

CREATE TABLE `Users` (
  `Id` int(11) NOT NULL,
  `Username` varchar(50) NOT NULL,
  `PasswordHash` varchar(500) NOT NULL,
  `UserType` varchar(10) NOT NULL,
  `FullName` varchar(100) NOT NULL,
  `MobileNumber` varchar(10) NOT NULL
) ENGINE=InnoDB DEFAULT CHARSET=latin1;

--
-- Dumping data for table `Users`
--

INSERT INTO `Users` (`Id`, `Username`, `PasswordHash`, `UserType`, `FullName`, `MobileNumber`) VALUES
(2, 'jayesh', '$2y$10$a6jr1r9c4eRHB9brQ9/nIemOkMnH1eImULp9L.0cZB3jqFpihrCMS', '', 'jayesh', '84661334'),
(3, 'yoo', '$2y$10$c0AUv2bfGlTE8NYZN/Ry0uPYICxA/QNqULti753irWLzw2AlDp51S', '', 'jayesh ', '22222'),
(4, 'yo', '$2y$10$p2sKwCdq.OSxrRPaYIe6W.Y90htk3qHD0l8A76GRVwe8JQpyPHOge', '', 'jayesh', '6565');

--
-- Indexes for dumped tables
--

--
-- Indexes for table `BookedSeats`
--
ALTER TABLE `BookedSeats`
  ADD PRIMARY KEY (`Id`),
  ADD KEY `FkBookingIdInBookedSeats` (`BookingId`);

--
-- Indexes for table `Bookings`
--
ALTER TABLE `Bookings`
  ADD PRIMARY KEY (`Id`),
  ADD KEY `FkUserIdInBookings` (`UserId`),
  ADD KEY `FkMovieIdInBookings` (`MovieId`);

--
-- Indexes for table `Movies`
--
ALTER TABLE `Movies`
  ADD PRIMARY KEY (`Id`);

--
-- Indexes for table `Users`
--
ALTER TABLE `Users`
  ADD PRIMARY KEY (`Id`);

--
-- AUTO_INCREMENT for dumped tables
--

--
-- AUTO_INCREMENT for table `BookedSeats`
--
ALTER TABLE `BookedSeats`
  MODIFY `Id` int(11) NOT NULL AUTO_INCREMENT, AUTO_INCREMENT=559;

--
-- AUTO_INCREMENT for table `Bookings`
--
ALTER TABLE `Bookings`
  MODIFY `Id` int(11) NOT NULL AUTO_INCREMENT, AUTO_INCREMENT=145;

--
-- AUTO_INCREMENT for table `Movies`
--
ALTER TABLE `Movies`
  MODIFY `Id` int(11) NOT NULL AUTO_INCREMENT, AUTO_INCREMENT=10;

--
-- AUTO_INCREMENT for table `Users`
--
ALTER TABLE `Users`
  MODIFY `Id` int(11) NOT NULL AUTO_INCREMENT, AUTO_INCREMENT=5;

--
-- Constraints for dumped tables
--

--
-- Constraints for table `BookedSeats`
--
ALTER TABLE `BookedSeats`
  ADD CONSTRAINT `FkBookingIdInBookedSeats` FOREIGN KEY (`BookingId`) REFERENCES `Bookings` (`Id`);

--
-- Constraints for table `Bookings`
--
ALTER TABLE `Bookings`
  ADD CONSTRAINT `FkMovieIdInBookings` FOREIGN KEY (`MovieId`) REFERENCES `Movies` (`Id`),
  ADD CONSTRAINT `FkUserIdInBookings` FOREIGN KEY (`UserId`) REFERENCES `Users` (`Id`);
COMMIT;

/*!40101 SET CHARACTER_SET_CLIENT=@OLD_CHARACTER_SET_CLIENT */;
/*!40101 SET CHARACTER_SET_RESULTS=@OLD_CHARACTER_SET_RESULTS */;
/*!40101 SET COLLATION_CONNECTION=@OLD_COLLATION_CONNECTION */;
